source_fixture_id,prediction_id,prediction_created_at_utc,data_cutoff_utc,result_data_cutoff_utc,kickoff_utc,hours_before_kickoff,horizon_bucket,home_team_name,away_team_name,probability_home_win,probability_draw,probability_away_win,predicted_result,actual_result_90,metric_result_1x2,home_goals_90,away_goals_90,extra_time_played,home_goals_after_extra_time,away_goals_after_extra_time,penalty_shootout,home_penalty_goals,away_penalty_goals,qualification_winner,stage,official_selection_rule,model_name,model_version,dataset_revision,source_snapshot_checksum,historical_frequency_frozen_probability_home_win,historical_frequency_frozen_probability_draw,historical_frequency_frozen_probability_away_win,uniform_1x2_probability_home_win,uniform_1x2_probability_draw,uniform_1x2_probability_away_win
537424,f4a14222fb875f84e0d3afde,2026-06-30T10:59:19Z,2026-06-30T10:59:17.387874Z,2026-07-12T13:24:12.034941Z,2026-06-30T17:00:00Z,6.0113888889,6_to_24h,Ivory Coast,Norway,0.3015793695,0.2491700038,0.4492506267,away_win,away_win,away_win,1,2,false,,,false,,,away,LAST_32,latest_valid_at_least_6h_before_kickoff,poisson,poisson_goal_v1,operational_dataset_v1:d49605a7933845c7,49ee9f74c0281cd15472256f6505182f365f637db3a0d5a11bf3376ae6fc1635,0.4875409976,0.2246879925,0.2877710099,0.3333333333,0.3333333333,0.3333333333
537416,5c6bfac404e789cb0f1111fa,2026-06-30T14:24:20Z,2026-06-30T14:24:17.923645Z,2026-07-12T13:24:12.034941Z,2026-06-30T21:00:00Z,6.5944444444,6_to_24h,France,Sweden,0.6951628203,0.1620044927,0.1428326870,home_win,home_win,home_win,3,0,false,,,false,,,home,LAST_32,latest_valid_at_least_6h_before_kickoff,poisson,poisson_goal_v1,operational_dataset_v1:af2a97016ff19f04,49ee9f74c0281cd15472256f6505182f365f637db3a0d5a11bf3376ae6fc1635,0.4875409976,0.2246879925,0.2877710099,0.3333333333,0.3333333333,0.3333333333
537425,ca6a67e67226acf2c7d382c5,2026-06-30T17:58:07Z,2026-06-30T17:58:01.944777Z,2026-07-12T13:24:12.034941Z,2026-07-01T02:00:00Z,7.0313888889,6_to_24h,Mexico,Ecuador,0.3071692722,0.3283907644,0.3644399634,away_win,home_win,home_win,2,0,false,,,false,,,home,LAST_32,latest_valid_at_least_6h_before_kickoff,poisson,poisson_goal_v1,operational_dataset_v1:f80599aec195c6f7,48bdca32964a00c16559a91025a0a29796f2ffb1ac3818bd144f2b4feb9ef1ad,0.4875409976,0.2246879925,0.2877710099,0.3333333333,0.3333333333,0.3333333333
537426,2a3373e78fe00c8d9337f53a,2026-07-01T06:35:01Z,2026-07-01T06:34:58.748311Z,2026-07-12T13:24:12.034941Z,2026-07-01T16:00:00Z,9.4163888889,6_to_24h,England,Congo DR,0.6178025456,0.2529848376,0.1292126168,home_win,home_win,home_win,2,1,false,,,false,,,home,LAST_32,latest_valid_at_least_6h_before_kickoff,poisson,poisson_goal_v1,operational_dataset_v1:0ab17e3bcf58e2c4,14826e52f778ee9e2dbb6fc5becbda4958f8fd8d755dc4fe2052bc0eba952067,0.4875409976,0.2246879925,0.2877710099,0.3333333333,0.3333333333,0.3333333333
537422,7cc281bd70f6d67e39603a95,2026-07-01T11:26:25Z,2026-07-01T11:26:22.557963Z,2026-07-12T13:24:12.034941Z,2026-07-01T20:00:00Z,8.5597222222,6_to_24h,Belgium,Senegal,0.4724566741,0.2435861831,0.2839571429,home_win,draw,draw,2,2,true,3,2,false,,,home,LAST_32,latest_valid_at_least_6h_before_kickoff,poisson,poisson_goal_v1,operational_dataset_v1:b066a09344b9c121,3c4983fbe3d2c0ce0361b72c53d6802a7844eb78c626cab4dcbf1bc78af74bac,0.4875409976,0.2246879925,0.2877710099,0.3333333333,0.3333333333,0.3333333333
537421,32522fad416265d5635366f0,2026-07-01T17:59:17Z,2026-07-01T17:59:14.883757Z,2026-07-12T13:24:12.034941Z,2026-07-02T00:00:00Z,6.0119444444,6_to_24h,United States,Bosnia-Herzegovina,0.6367506496,0.1968544404,0.1663949100,home_win,home_win,home_win,2,0,false,,,false,,,home,LAST_32,latest_valid_at_least_6h_before_kickoff,poisson,poisson_goal_v1,operational_dataset_v1:19dc493eb921298b,b66b707f45f40b9d9e95e2a4796552b4911b7f6547b982e89850eee386181d68,0.4875409976,0.2246879925,0.2877710099,0.3333333333,0.3333333333,0.3333333333
537420,6951e166831e1bc11819a7ec,2026-07-02T10:43:22Z,2026-07-02T10:43:19.979977Z,2026-07-12T13:24:12.034941Z,2026-07-02T19:00:00Z,8.2772222222,6_to_24h,Spain,Austria,0.6497418237,0.1971719747,0.1530862017,home_win,home_win,home_win,3,0,false,,,false,,,home,LAST_32,latest_valid_at_least_6h_before_kickoff,poisson,poisson_goal_v1,operational_dataset_v1:aed060ceb8b22b13,fc51dd841cd2ee7e7237f967c7166b83973bc0762f59c4be0d948bcc414a45b7,0.4875409976,0.2246879925,0.2877710099,0.3333333333,0.3333333333,0.3333333333
537419,89d41cd6b0b0cd6d858f2320,2026-07-02T14:06:30Z,2026-07-02T14:06:28.628426Z,2026-07-12T13:24:12.034941Z,2026-07-02T23:00:00Z,8.8916666667,6_to_24h,Portugal,Croatia,0.5584640273,0.2203003088,0.2212356639,home_win,home_win,home_win,2,1,false,,,false,,,home,LAST_32,latest_valid_at_least_6h_before_kickoff,poisson,poisson_goal_v1,operational_dataset_v1:89eab97fafcd076d,fc51dd841cd2ee7e7237f967c7166b83973bc0762f59c4be0d948bcc414a45b7,0.4875409976,0.2246879925,0.2877710099,0.3333333333,0.3333333333,0.3333333333
537429,9fdc308309ff86b97a5e88cc,2026-07-02T17:51:11Z,2026-07-02T17:51:08.709616Z,2026-07-12T13:24:12.034941Z,2026-07-03T03:00:00Z,9.1469444444,6_to_24h,Switzerland,Algeria,0.4316475862,0.2351793677,0.3331730462,home_win,home_win,home_win,2,0,false,,,false,,,home,LAST_32,latest_valid_at_least_6h_before_kickoff,poisson,poisson_goal_v1,operational_dataset_v1:f75b1fc605d78580,a9dfd35935ec9a92f7d6974e751a147edbba412d82fc2e592e3cf53b0f34da28,0.4875409976,0.2246879925,0.2877710099,0.3333333333,0.3333333333,0.3333333333
537428,76cecdbe0af6adc9eaf89421,2026-07-03T10:38:55Z,2026-07-03T10:38:53.256014Z,2026-07-12T13:24:12.034941Z,2026-07-03T18:00:00Z,7.3513888889,6_to_24h,Australia,Egypt,0.3987164395,0.3111121605,0.2901714000,home_win,draw,draw,1,1,true,1,1,true,2,4,away,LAST_32,latest_valid_at_least_6h_before_kickoff,poisson,poisson_goal_v1,operational_dataset_v1:22596ca108494c93,028f7ab359350066434d31d7308b8f8c3edd40b0b08577302fe3aa156dacb90f,0.4875409976,0.2246879925,0.2877710099,0.3333333333,0.3333333333,0.3333333333
537427,85477b9458867662d885ef09,2026-07-03T14:10:40Z,2026-07-03T14:10:37.840863Z,2026-07-12T13:24:12.034941Z,2026-07-03T22:00:00Z,7.8222222222,6_to_24h,Argentina,Cape Verde Islands,0.8633708882,0.1058335747,0.0307955371,home_win,draw,draw,1,1,true,3,2,false,,,home,LAST_32,latest_valid_at_least_6h_before_kickoff,poisson,poisson_goal_v1,operational_dataset_v1:2824fdbf28e4446e,028f7ab359350066434d31d7308b8f8c3edd40b0b08577302fe3aa156dacb90f,0.4875409976,0.2246879925,0.2877710099,0.3333333333,0.3333333333,0.3333333333
537430,d491c19fb99ca794c444d95d,2026-07-03T17:28:27Z,2026-07-03T17:28:25.329766Z,2026-07-12T13:24:12.034941Z,2026-07-04T01:30:00Z,8.0258333333,6_to_24h,Colombia,Ghana,0.7512870215,0.1632183510,0.0854946275,home_win,home_win,home_win,1,0,false,,,false,,,home,LAST_32,latest_valid_at_least_6h_before_kickoff,poisson,poisson_goal_v1,operational_dataset_v1:d7edf7602be2e7a9,0502d6191d33d710c67bebc05a4feec895319b5baafc29ee0aca8e3052e32756,0.4875409976,0.2246879925,0.2877710099,0.3333333333,0.3333333333,0.3333333333
537376,5a5346c15d2ad12de6701408,2026-07-04T10:12:51Z,2026-07-04T10:12:49.254928Z,2026-07-12T13:24:12.034941Z,2026-07-04T17:00:00Z,6.7858333333,6_to_24h,Canada,Morocco,0.2268377746,0.3065280014,0.4666342239,away_win,away_win,away_win,0,3,false,,,false,,,away,LAST_16,latest_valid_at_least_6h_before_kickoff,poisson,poisson_goal_v1,operational_dataset_v1:003a2b53d753cbfb,d6503f320eeb84cb6857235d236d8840e47cc4281586d3c54cc5108e0139e2cd,0.4875409976,0.2246879925,0.2877710099,0.3333333333,0.3333333333,0.3333333333
537375,bfa3c11adc89b0f84accd503,2026-07-04T13:38:06Z,2026-07-04T13:38:03.829738Z,2026-07-12T13:24:12.034941Z,2026-07-04T21:00:00Z,7.3650000000,6_to_24h,Paraguay,France,0.1383196230,0.2183824499,0.6432979271,away_win,away_win,away_win,0,1,false,,,false,,,away,LAST_16,latest_valid_at_least_6h_before_kickoff,poisson,poisson_goal_v1,operational_dataset_v1:b6c6a7c376647bd8,e5d46dca85a62bf98bc027cee5cb6a644c04ba011f3d35653e5f5a6ccfc33bab,0.4875409976,0.2246879925,0.2877710099,0.3333333333,0.3333333333,0.3333333333
537377,5383022dab67a0729656aab0,2026-07-05T13:44:26Z,2026-07-05T13:44:24.056246Z,2026-07-12T13:24:12.034941Z,2026-07-05T20:00:00Z,6.2594444444,6_to_24h,Brazil,Norway,0.6162441755,0.1927209997,0.1910348247,home_win,away_win,away_win,1,2,false,,,false,,,away,LAST_16,latest_valid_at_least_6h_before_kickoff,poisson,poisson_goal_v1,operational_dataset_v1:37bb62fa2f4883e2,9e296454fa5d9eb8800871b6198fa16b6821feefa165951cf274ed09a247bd8f,0.4875409976,0.2246879925,0.2877710099,0.3333333333,0.3333333333,0.3333333333
537378,81d7c3697358d4ac8fb3edf5,2026-07-05T17:14:11Z,2026-07-05T17:14:08.794778Z,2026-07-12T13:24:12.034941Z,2026-07-06T01:00:00Z,6.7636111111,6_to_24h,Mexico,England,0.2209294442,0.2700363106,0.5090342452,away_win,away_win,away_win,2,3,false,,,false,,,away,LAST_16,latest_valid_at_least_6h_before_kickoff,poisson,poisson_goal_v1,operational_dataset_v1:6d60d31b44a7ff5d,9e296454fa5d9eb8800871b6198fa16b6821feefa165951cf274ed09a247bd8f,0.4875409976,0.2246879925,0.2877710099,0.3333333333,0.3333333333,0.3333333333
537379,906af66a573805171f494ada,2026-07-06T08:23:37Z,2026-07-06T08:23:34.839383Z,2026-07-12T13:24:12.034941Z,2026-07-06T19:00:00Z,10.6063888889,6_to_24h,Portugal,Spain,0.2846027325,0.2428024415,0.4725948260,away_win,away_win,away_win,0,1,false,,,false,,,away,LAST_16,latest_valid_at_least_6h_before_kickoff,poisson,poisson_goal_v1,operational_dataset_v1:3570bc4615202d10,1f6dff152e26afa066a103107f68933e16ca5cb7814335d9c0daf077b11cc2c0,0.4875409976,0.2246879925,0.2877710099,0.3333333333,0.3333333333,0.3333333333
537380,c4610a8b2a364685988b9c95,2026-07-06T15:38:19Z,2026-07-06T15:38:16.997203Z,2026-07-12T13:24:12.034941Z,2026-07-07T00:00:00Z,8.3613888889,6_to_24h,United States,Belgium,0.2253745432,0.2121312785,0.5624941783,away_win,away_win,away_win,1,4,false,,,false,,,away,LAST_16,latest_valid_at_least_6h_before_kickoff,poisson,poisson_goal_v1,operational_dataset_v1:08ed2e34bd06ab83,1f6dff152e26afa066a103107f68933e16ca5cb7814335d9c0daf077b11cc2c0,0.4875409976,0.2246879925,0.2877710099,0.3333333333,0.3333333333,0.3333333333
537381,ebea82808074a81e246aaa2d,2026-07-07T07:41:51Z,2026-07-07T07:41:49.165667Z,2026-07-12T13:24:12.034941Z,2026-07-07T16:00:00Z,8.3025000000,6_to_24h,Argentina,Egypt,0.6786932618,0.2233191323,0.0979876059,home_win,home_win,home_win,3,2,false,,,false,,,home,LAST_16,latest_valid_at_least_6h_before_kickoff,poisson,poisson_goal_v1,operational_dataset_v1:3993c58fe3ff9e20,37e41bd7d3d4d228ba8de97e9350bc0d538339ca69a82f147bac2052f3e9049f,0.4875409976,0.2246879925,0.2877710099,0.3333333333,0.3333333333,0.3333333333
537382,35172208d32f8dceb421ef40,2026-07-07T11:09:57Z,2026-07-07T11:09:54.158743Z,2026-07-12T13:24:12.034941Z,2026-07-07T20:00:00Z,8.8341666667,6_to_24h,Switzerland,Colombia,0.2705448396,0.2409881961,0.4884669644,away_win,draw,draw,0,0,true,0,0,true,4,3,home,LAST_16,latest_valid_at_least_6h_before_kickoff,poisson,poisson_goal_v1,operational_dataset_v1:7f16d07c6114fc3f,37e41bd7d3d4d228ba8de97e9350bc0d538339ca69a82f147bac2052f3e9049f,0.4875409976,0.2246879925,0.2877710099,0.3333333333,0.3333333333,0.3333333333
537383,d7721b75e7f27ec2d954513f,2026-07-09T11:07:10Z,2026-07-09T11:07:08.383290Z,2026-07-12T13:24:12.034941Z,2026-07-09T20:00:00Z,8.8805555556,6_to_24h,France,Morocco,0.3949036840,0.2964451574,0.3086511586,home_win,home_win,home_win,2,0,false,,,false,,,home,QUARTER_FINALS,latest_valid_at_least_6h_before_kickoff,poisson,poisson_goal_v1,operational_dataset_v1:d5e21bb2c5335f40,4ffe2c7171601b5e028638ef72264a70d3145b6252bc03bac3bc2140b794e9d0,0.4875409976,0.2246879925,0.2877710099,0.3333333333,0.3333333333,0.3333333333
537384,56222edbfef1e4d2513b858e,2026-07-10T10:57:20Z,2026-07-10T10:57:17.746313Z,2026-07-12T13:24:12.034941Z,2026-07-10T19:00:00Z,8.0444444444,6_to_24h,Spain,Belgium,0.5490560282,0.2264145883,0.2245293836,home_win,home_win,home_win,2,1,false,,,false,,,home,QUARTER_FINALS,latest_valid_at_least_6h_before_kickoff,poisson,poisson_goal_v1,operational_dataset_v1:f69b230555fc3877,d1c321084103780e261985d86f7d30cce64a4ed57378c434001d6f4493c08953,0.4875409976,0.2246879925,0.2877710099,0.3333333333,0.3333333333,0.3333333333
537385,851259d375b13f4823054a9f,2026-07-11T13:23:42Z,2026-07-11T13:23:39.908144Z,2026-07-12T13:24:12.034941Z,2026-07-11T21:00:00Z,7.6050000000,6_to_24h,Norway,England,0.2430736169,0.2306923317,0.5262340514,away_win,draw,draw,1,1,true,1,2,false,,,away,QUARTER_FINALS,latest_valid_at_least_6h_before_kickoff,poisson,poisson_goal_v1,operational_dataset_v1:7e3ec488f8ed1825,b22d50eca752055280cc6407d05a496122c0f92957b179d02859387843dc28a9,0.4875409976,0.2246879925,0.2877710099,0.3333333333,0.3333333333,0.3333333333
537386,1ac44890c53f7c9f7c74765c,2026-07-11T17:00:42Z,2026-07-11T17:00:40.317294Z,2026-07-12T13:24:12.034941Z,2026-07-12T01:00:00Z,7.9883333333,6_to_24h,Argentina,Switzerland,0.6131446348,0.2291094463,0.1577459189,home_win,draw,draw,1,1,true,3,1,false,,,home,QUARTER_FINALS,latest_valid_at_least_6h_before_kickoff,poisson,poisson_goal_v1,operational_dataset_v1:c38860a2c3e4897b,b22d50eca752055280cc6407d05a496122c0f92957b179d02859387843dc28a9,0.4875409976,0.2246879925,0.2877710099,0.3333333333,0.3333333333,0.3333333333
