champion,classify_best_third,classify_direct,eliminated_group,final,finish_group_1,finish_group_2,finish_group_3,finish_group_4,fourth_place,quarter_final,round_of_16,round_of_32,runner_up,semi_final,team_id,third_place
0.0000000000,1.0000000000,0.0000000000,0.0000000000,0.0000000000,0.0000000000,0.0000000000,1.0000000000,0.0000000000,0.0000000000,0.0000000000,0.0000000000,1.0000000000,0.0000000000,0.0000000000,algeria,0.0000000000
0.2549600000,0.0000000000,1.0000000000,0.0000000000,0.3866000000,1.0000000000,0.0000000000,0.0000000000,0.0000000000,0.0666400000,0.8282800000,1.0000000000,1.0000000000,0.1316400000,0.5900800000,argentina,0.1368400000
0.0000000000,0.0000000000,1.0000000000,0.0000000000,0.0000000000,0.0000000000,1.0000000000,0.0000000000,0.0000000000,0.0000000000,0.0000000000,0.0000000000,1.0000000000,0.0000000000,0.0000000000,australia,0.0000000000
0.0000000000,0.0000000000,1.0000000000,0.0000000000,0.0000000000,0.0000000000,1.0000000000,0.0000000000,0.0000000000,0.0000000000,0.0000000000,0.0000000000,1.0000000000,0.0000000000,0.0000000000,austria,0.0000000000
0.0439600000,0.0000000000,1.0000000000,0.0000000000,0.1174800000,1.0000000000,0.0000000000,0.0000000000,0.0000000000,0.0744800000,0.6815200000,1.0000000000,1.0000000000,0.0735200000,0.2452400000,belgium,0.0532800000
0.0000000000,1.0000000000,0.0000000000,0.0000000000,0.0000000000,0.0000000000,0.0000000000,1.0000000000,0.0000000000,0.0000000000,0.0000000000,0.0000000000,1.0000000000,0.0000000000,0.0000000000,bosnia_and_herzegovina,0.0000000000
0.1242800000,0.0000000000,1.0000000000,0.0000000000,0.2206800000,1.0000000000,0.0000000000,0.0000000000,0.0000000000,0.0885200000,0.7364000000,1.0000000000,1.0000000000,0.0964000000,0.4396800000,brazil,0.1304800000
0.0102400000,0.0000000000,1.0000000000,0.0000000000,0.0384400000,0.0000000000,1.0000000000,0.0000000000,0.0000000000,0.0636800000,0.3719200000,1.0000000000,1.0000000000,0.0282000000,0.1300400000,canada,0.0279200000
0.0000000000,0.0000000000,1.0000000000,0.0000000000,0.0000000000,0.0000000000,1.0000000000,0.0000000000,0.0000000000,0.0000000000,0.0000000000,0.0000000000,1.0000000000,0.0000000000,0.0000000000,cape_verde,0.0000000000
0.0578800000,0.0000000000,1.0000000000,0.0000000000,0.1186800000,1.0000000000,0.0000000000,0.0000000000,0.0000000000,0.0608000000,0.6297200000,1.0000000000,1.0000000000,0.0608000000,0.2481200000,colombia,0.0686400000
0.0000000000,0.0000000000,1.0000000000,0.0000000000,0.0000000000,0.0000000000,1.0000000000,0.0000000000,0.0000000000,0.0000000000,0.0000000000,0.0000000000,1.0000000000,0.0000000000,0.0000000000,croatia,0.0000000000
0.0000000000,0.0000000000,0.0000000000,1.0000000000,0.0000000000,0.0000000000,0.0000000000,0.0000000000,1.0000000000,0.0000000000,0.0000000000,0.0000000000,0.0000000000,0.0000000000,0.0000000000,curacao,0.0000000000
0.0000000000,0.0000000000,0.0000000000,1.0000000000,0.0000000000,0.0000000000,0.0000000000,0.0000000000,1.0000000000,0.0000000000,0.0000000000,0.0000000000,0.0000000000,0.0000000000,0.0000000000,czech_republic,0.0000000000
0.0000000000,1.0000000000,0.0000000000,0.0000000000,0.0000000000,0.0000000000,0.0000000000,1.0000000000,0.0000000000,0.0000000000,0.0000000000,0.0000000000,1.0000000000,0.0000000000,0.0000000000,dr_congo,0.0000000000
0.0000000000,1.0000000000,0.0000000000,0.0000000000,0.0000000000,0.0000000000,0.0000000000,1.0000000000,0.0000000000,0.0000000000,0.0000000000,0.0000000000,1.0000000000,0.0000000000,0.0000000000,ecuador,0.0000000000
0.0050400000,0.0000000000,1.0000000000,0.0000000000,0.0158800000,0.0000000000,1.0000000000,0.0000000000,0.0000000000,0.0266800000,0.1717200000,1.0000000000,1.0000000000,0.0108400000,0.0551200000,egypt,0.0125600000
0.0815600000,0.0000000000,1.0000000000,0.0000000000,0.1551200000,1.0000000000,0.0000000000,0.0000000000,0.0000000000,0.0804800000,0.6592000000,1.0000000000,1.0000000000,0.0735600000,0.3391200000,england,0.1035200000
0.1084000000,0.0000000000,1.0000000000,0.0000000000,0.2403600000,1.0000000000,0.0000000000,0.0000000000,0.0000000000,0.1184000000,0.7831600000,1.0000000000,1.0000000000,0.1319600000,0.4812800000,france,0.1225200000
0.0000000000,0.0000000000,1.0000000000,0.0000000000,0.0000000000,1.0000000000,0.0000000000,0.0000000000,0.0000000000,0.0000000000,0.0000000000,0.0000000000,1.0000000000,0.0000000000,0.0000000000,germany,0.0000000000
0.0000000000,1.0000000000,0.0000000000,0.0000000000,0.0000000000,0.0000000000,0.0000000000,1.0000000000,0.0000000000,0.0000000000,0.0000000000,0.0000000000,1.0000000000,0.0000000000,0.0000000000,ghana,0.0000000000
0.0000000000,0.0000000000,0.0000000000,1.0000000000,0.0000000000,0.0000000000,0.0000000000,0.0000000000,1.0000000000,0.0000000000,0.0000000000,0.0000000000,0.0000000000,0.0000000000,0.0000000000,haiti,0.0000000000
0.0000000000,0.0000000000,0.0000000000,1.0000000000,0.0000000000,0.0000000000,0.0000000000,1.0000000000,0.0000000000,0.0000000000,0.0000000000,0.0000000000,0.0000000000,0.0000000000,0.0000000000,iran,0.0000000000
0.0000000000,0.0000000000,0.0000000000,1.0000000000,0.0000000000,0.0000000000,0.0000000000,0.0000000000,1.0000000000,0.0000000000,0.0000000000,0.0000000000,0.0000000000,0.0000000000,0.0000000000,iraq,0.0000000000
0.0000000000,0.0000000000,1.0000000000,0.0000000000,0.0000000000,0.0000000000,1.0000000000,0.0000000000,0.0000000000,0.0000000000,0.0000000000,0.0000000000,1.0000000000,0.0000000000,0.0000000000,ivory_coast,0.0000000000
0.0000000000,0.0000000000,1.0000000000,0.0000000000,0.0000000000,0.0000000000,1.0000000000,0.0000000000,0.0000000000,0.0000000000,0.0000000000,0.0000000000,1.0000000000,0.0000000000,0.0000000000,japan,0.0000000000
0.0000000000,0.0000000000,0.0000000000,1.0000000000,0.0000000000,0.0000000000,0.0000000000,0.0000000000,1.0000000000,0.0000000000,0.0000000000,0.0000000000,0.0000000000,0.0000000000,0.0000000000,jordan,0.0000000000
0.0128000000,0.0000000000,1.0000000000,0.0000000000,0.0359200000,1.0000000000,0.0000000000,0.0000000000,0.0000000000,0.0498400000,0.3408000000,1.0000000000,1.0000000000,0.0231200000,0.1196800000,mexico,0.0339200000
0.0575200000,0.0000000000,1.0000000000,0.0000000000,0.1418400000,0.0000000000,1.0000000000,0.0000000000,0.0000000000,0.0933600000,0.6280800000,1.0000000000,1.0000000000,0.0843200000,0.3162400000,morocco,0.0810400000
0.0000000000,0.0000000000,1.0000000000,0.0000000000,0.0000000000,1.0000000000,0.0000000000,0.0000000000,0.0000000000,0.0000000000,0.0000000000,0.0000000000,1.0000000000,0.0000000000,0.0000000000,netherlands,0.0000000000
0.0000000000,0.0000000000,0.0000000000,1.0000000000,0.0000000000,0.0000000000,0.0000000000,0.0000000000,1.0000000000,0.0000000000,0.0000000000,0.0000000000,0.0000000000,0.0000000000,0.0000000000,new_zealand,0.0000000000
0.0102400000,0.0000000000,1.0000000000,0.0000000000,0.0288000000,0.0000000000,1.0000000000,0.0000000000,0.0000000000,0.0445200000,0.2636000000,1.0000000000,1.0000000000,0.0185600000,0.1015200000,norway,0.0282000000
0.0000000000,0.0000000000,0.0000000000,1.0000000000,0.0000000000,0.0000000000,0.0000000000,0.0000000000,1.0000000000,0.0000000000,0.0000000000,0.0000000000,0.0000000000,0.0000000000,0.0000000000,panama,0.0000000000
0.0036000000,1.0000000000,0.0000000000,0.0000000000,0.0168800000,0.0000000000,0.0000000000,1.0000000000,0.0000000000,0.0423600000,0.2168400000,1.0000000000,1.0000000000,0.0132800000,0.0724400000,paraguay,0.0132000000
0.0626000000,0.0000000000,1.0000000000,0.0000000000,0.1401200000,0.0000000000,1.0000000000,0.0000000000,0.0000000000,0.0549600000,0.3940400000,1.0000000000,1.0000000000,0.0775200000,0.2504400000,portugal,0.0553600000
0.0000000000,0.0000000000,0.0000000000,1.0000000000,0.0000000000,0.0000000000,0.0000000000,0.0000000000,1.0000000000,0.0000000000,0.0000000000,0.0000000000,0.0000000000,0.0000000000,0.0000000000,qatar,0.0000000000
0.0000000000,0.0000000000,0.0000000000,1.0000000000,0.0000000000,0.0000000000,0.0000000000,0.0000000000,1.0000000000,0.0000000000,0.0000000000,0.0000000000,0.0000000000,0.0000000000,0.0000000000,saudi_arabia,0.0000000000
0.0000000000,0.0000000000,0.0000000000,1.0000000000,0.0000000000,0.0000000000,0.0000000000,1.0000000000,0.0000000000,0.0000000000,0.0000000000,0.0000000000,0.0000000000,0.0000000000,0.0000000000,scotland,0.0000000000
0.0000000000,1.0000000000,0.0000000000,0.0000000000,0.0000000000,0.0000000000,0.0000000000,1.0000000000,0.0000000000,0.0000000000,0.0000000000,0.0000000000,1.0000000000,0.0000000000,0.0000000000,senegal,0.0000000000
0.0000000000,0.0000000000,1.0000000000,0.0000000000,0.0000000000,0.0000000000,1.0000000000,0.0000000000,0.0000000000,0.0000000000,0.0000000000,0.0000000000,1.0000000000,0.0000000000,0.0000000000,south_africa,0.0000000000
0.0000000000,0.0000000000,0.0000000000,1.0000000000,0.0000000000,0.0000000000,0.0000000000,1.0000000000,0.0000000000,0.0000000000,0.0000000000,0.0000000000,0.0000000000,0.0000000000,0.0000000000,south_korea,0.0000000000
0.1493600000,0.0000000000,1.0000000000,0.0000000000,0.2850000000,1.0000000000,0.0000000000,0.0000000000,0.0000000000,0.0619600000,0.6059600000,1.0000000000,1.0000000000,0.1356400000,0.4391600000,spain,0.0922000000
0.0000000000,1.0000000000,0.0000000000,0.0000000000,0.0000000000,0.0000000000,0.0000000000,1.0000000000,0.0000000000,0.0000000000,0.0000000000,0.0000000000,1.0000000000,0.0000000000,0.0000000000,sweden,0.0000000000
0.0133600000,0.0000000000,1.0000000000,0.0000000000,0.0383200000,1.0000000000,0.0000000000,0.0000000000,0.0000000000,0.0402400000,0.3702800000,1.0000000000,1.0000000000,0.0249600000,0.1066800000,switzerland,0.0281200000
0.0000000000,0.0000000000,0.0000000000,1.0000000000,0.0000000000,0.0000000000,0.0000000000,0.0000000000,1.0000000000,0.0000000000,0.0000000000,0.0000000000,0.0000000000,0.0000000000,0.0000000000,tunisia,0.0000000000
0.0000000000,0.0000000000,0.0000000000,1.0000000000,0.0000000000,0.0000000000,0.0000000000,0.0000000000,1.0000000000,0.0000000000,0.0000000000,0.0000000000,0.0000000000,0.0000000000,0.0000000000,turkey,0.0000000000
0.0042000000,0.0000000000,1.0000000000,0.0000000000,0.0198800000,1.0000000000,0.0000000000,0.0000000000,0.0000000000,0.0330800000,0.3184800000,1.0000000000,1.0000000000,0.0156800000,0.0651600000,united_states,0.0122000000
0.0000000000,0.0000000000,0.0000000000,1.0000000000,0.0000000000,0.0000000000,0.0000000000,1.0000000000,0.0000000000,0.0000000000,0.0000000000,0.0000000000,0.0000000000,0.0000000000,0.0000000000,uruguay,0.0000000000
0.0000000000,0.0000000000,0.0000000000,1.0000000000,0.0000000000,0.0000000000,0.0000000000,0.0000000000,1.0000000000,0.0000000000,0.0000000000,0.0000000000,0.0000000000,0.0000000000,0.0000000000,uzbekistan,0.0000000000
